Categoria,Link Produs
Apple - iPad,https://www.mobilesentrix.eu/privacy-policy
Apple - iPad,https://www.mobilesentrix.eu/gapp/?utm_source=google&utm_medium=organic&utm_campaign=gmb
Apple - iPad,javascript:;
Apple - iPad,https://www.mobilesentrix.eu/lcd-buy-back
Apple - iPad,https://www.mobilesentrix.eu/marketing-materials/
Apple - iPad,https://www.mobilesentrix.eu/apollo
Apple - iPad,https://www.mobilesentrix.eu/iphone11promax-screwbox
Apple - iPad,https://www.mobilesentrix.eu/iphone11pro-screwbox
Apple - iPad,https://www.mobilesentrix.eu/iphone11-screwbox
Apple - iPad,https://www.mobilesentrix.eu/iphonexr-screwbox
Apple - iPad,https://www.mobilesentrix.eu/iphonexsmax-screwbox
Apple - iPad,https://www.mobilesentrix.eu/iphonexs-screwbox
Apple - iPad,https://www.mobilesentrix.eu/iphonex-screwbox
Apple - iPad,https://www.mobilesentrix.eu/iphone8plus-screwbox
Apple - iPad,https://www.mobilesentrix.eu/iphone8-screwbox
Apple - iPad,https://www.mobilesentrix.eu/iphone7plus-screwbox
Apple - iPad,https://www.mobilesentrix.eu/iphone7-screwbox
Apple - iPad,https://www.mobilesentrix.eu/iphone6splus-screwbox
Apple - iPad,https://www.mobilesentrix.eu/iphone6s-screwbox
Apple - iPad,https://www.mobilesentrix.eu/iphone6plus-screwbox
Apple - iPad,https://www.mobilesentrix.eu/iphone6-screwbox
Apple - iPad,https://www.mobilesentrix.eu/iphone5s-se-screwbox
Apple - iPad,https://www.mobilesentrix.eu/iphone-13-pro-max
Apple - iPad,https://www.mobilesentrix.eu/iphone-13-pro
Apple - iPad,https://www.mobilesentrix.eu/iphone-13
Apple - iPad,https://www.mobilesentrix.eu/iphone-13-mini
Apple - iPad,https://www.mobilesentrix.eu/iphone-12-pro-max
Apple - iPad,https://www.mobilesentrix.eu/board-components/bulk-purchase-10-pack
Apple - iPad,https://www.mobilesentrix.eu/iphone-12-pro
Apple - iPad,https://www.mobilesentrix.eu/iphone-12-mini
Apple - iPad,https://www.mobilesentrix.eu/iPhone-11-pro
Apple - iPad,https://www.mobilesentrix.eu/iPhone-11
Apple - iPad,https://www.mobilesentrix.eu/iPhone-xs-max
Apple - iPad,https://www.mobilesentrix.eu/iPhone-xs
Apple - iPad,https://www.mobilesentrix.eu/iPhone-xr
Apple - iPad,https://www.mobilesentrix.eu/iPhone-x
Apple - iPad,https://www.mobilesentrix.eu/iphone-8-plus
Apple - iPad,https://www.mobilesentrix.eu/iphone-8
Apple - iPad,https://www.mobilesentrix.eu/iphone7plus
Apple - iPad,https://www.mobilesentrix.eu/iphone-7
Apple - iPad,https://www.mobilesentrix.eu/iphone-6s-plus
Apple - iPad,https://www.mobilesentrix.eu/iphone-6s
Apple - iPad,https://www.mobilesentrix.eu/iphone-6plus
Apple - iPad,https://www.mobilesentrix.eu/iphone-6
Apple - iPad,https://www.mobilesentrix.eu/board-components/macbook
Apple - iPad,https://www.mobilesentrix.eu/board-components/mac-mini
Apple - iPad,JavaScript:void(0);
Apple - iPad,javascript:void(0);
Apple - iPad,https://www.mobilesentrix.eu/lcd-filter-fuse-for-ipad-air-1-2-mini-1-10-pieces
Apple - iPad,https://www.mobilesentrix.eu/backlight-coil-for-ipad-mini-1
Apple - iPad,https://www.mobilesentrix.eu/backlight-filter-fuse-for-ipad-mini-1-10-pieces
Apple - iPad,https://www.mobilesentrix.eu/fpc-connector-for-ipad-3-4-power-volume-flex
Apple - iPad,https://www.mobilesentrix.eu/tristar-u2-charging-ic-for-iphone-5-ipad-4-and-ipad-mini-1-1608a1
Apple - iPad,https://www.mobilesentrix.eu/charging-ic-for-iphone-5c-5s-ipad-air-mini-2-u2-u6000-u1300
Apple - iPad,https://www.mobilesentrix.eu/power-management-ic-for-ipad-pro-12-9-3rd-gen-2018-343s00256
Apple - iPad,https://www.mobilesentrix.eu/backlight-filter-fuse-for-ipad-air-1-2-10-pieces
Apple - iPad,https://www.mobilesentrix.eu/power-management-ic-for-ipad-5-2017-343s00206
Apple - iPad,https://www.mobilesentrix.eu/power-management-ic-for-ipad-pro-12-9-4th-gen-2020-343s00328
Apple - iPad,https://www.mobilesentrix.eu/gyroscope-ic-for-ipad-pro-12-9-3rd-gen-2018-ipad-pro-11-1st-gen-2018-fy
Apple - iPad,https://www.mobilesentrix.eu/nfc-controller-for-iphone-8-8-plus-x-nxp-80v18
Apple - iPad,https://www.mobilesentrix.eu/power-ic-for-ipad-2018-gen-6-a1893-pmics-343s0020
Apple - iPad,https://www.mobilesentrix.eu/u2-power-charger-ic-chip-compatible-for-iphone-12-12-mini-12-pro-12-pro-max-ipad-9-2021-1614a1
Apple - iPad,https://www.mobilesentrix.eu/audio-codec-ic-for-ipad-pro-11-ipad-pro-12-9-3rd-gen-2018-98728b-30-pin
Apple - iPad,https://www.mobilesentrix.eu/usb-re-drive-ic-for-ipad-pro-12-9-3rd-gen-2018-ipad-pro-11-1st-gen-2018-pi3dpx1205
Apple - iPad,https://www.mobilesentrix.eu/power-management-ic-big-compatible-for-ipad-pro-12-9-4th-gen-2020-343s00326
Apple - iPad,https://www.mobilesentrix.eu/small-audio-ic-chip-for-ipad-pro-12-9-4th-gen-2020-ipad-pro-11-2rd-gen-2020-cs35l91
Apple - iPad,https://www.mobilesentrix.eu/tristar-u2-charging-ic-for-iphone-5c-5s-ipad-air-ipad-mini-2-3-1610a1-10-pack
Apple - iPad,https://www.mobilesentrix.eu/big-audio-ic-for-ipad-pro-12-9-4th-gen-2020-343s00302-370
Apple - iPad,https://www.mobilesentrix.eu/power-management-ic-big-for-ipad-pro-11-1st-gen-2018-343s00252
Apple - iPad,https://www.mobilesentrix.eu/power-management-ic-for-ipad-pro-12-9-4th-gen-2020-343s00327
Apple - iPad,https://www.mobilesentrix.eu/tristar-u2-charging-ic-for-iphone-se-6s-6s-plus-u4500-1610a3-36-pins-10-pack
Apple - iPad,https://www.mobilesentrix.eu/charging-tigris-ic-for-ipad-pro-11-1st-gen-2018-6s30a-yangzte
Apple - iPad,https://www.mobilesentrix.eu/power-management-ic-for-ipad-pro-12-9-3rd-gen-2018-ipad-pro-11-1st-gen-2018-343s00247
Apple - iPad,https://www.mobilesentrix.eu/charging-trigris-ic-for-iphone-xs-xs-max-xr-sn2600b
Apple - iPad,https://www.mobilesentrix.eu/fpc-connector-for-ipad-pro-9-7-lcd-on-the-motherboard
Apple - iPad,https://www.mobilesentrix.eu/tristar-u2-usb-charging-controller-ic-for-iphone-7-7-plus-u4001-nxp-610a38-36-pins-10-pack
Apple - iPad,https://www.mobilesentrix.eu/lcd-on-the-motherboard-fpc-connector-for-ipad-pro-11-3rd-gen-2021-18-pin
Apple - iPad,https://www.mobilesentrix.eu/power-button-fpc-connector-for-ipad-air-1-home-button-fpc-connector-for-ipad-4
Apple - iPad,https://www.mobilesentrix.eu/iphone-5-wifi-ic-sw-339s0205
Apple - iPad,https://www.mobilesentrix.eu/touch-mosfet-for-ipad-7-2019-ipad-8-2020-ipad-9-2021-ipad-mini-5-ipad-air-3-ipad-pro-12-9-3rd-gen-q3002-q2202-xcq
Apple - iPad,https://www.mobilesentrix.eu/fpc-connector-for-ipad-air-2-home-button-flex
Apple - iPad,https://www.mobilesentrix.eu/display-assembly-compatible-for-ipad-11-2025-wifi-cellular-genuine-oem
Apple - iPad,https://www.mobilesentrix.eu/display-assembly-compatible-for-ipad-11-2025-wifi-only-genuine-oem
Apple - iPad,https://www.mobilesentrix.eu/display-assembly-compatible-for-ipad-mini-7-wifi-only-genuine-oem-all-color
Apple - iPad,https://www.mobilesentrix.eu/lcd-assembly-with-digitizer-compatible-for-ipad-mini-7-2024-wifi-cellular-genuine-oem-all-color
Apple - iPad,https://www.mobilesentrix.eu/display-assembly-compatible-for-ipad-air-11-2024-wifi-only-genuine-oem-all-color
Apple - iPad,https://www.mobilesentrix.eu/display-assembly-compatible-for-ipad-air-11-2024-wifi-cellular-genuine-oem-all-color
Apple - iPad,https://www.mobilesentrix.eu/display-assembly-compatible-for-ipad-air-11-2025-wifi-only-genuine-oem-all-color
Apple - iPad,https://www.mobilesentrix.eu/lcd-assembly-with-digitizer-compatible-for-ipad-air-11-2025-wifi-cellular-genuine-oem-all-color
Apple - iPad,https://www.mobilesentrix.eu/display-assembly-compatible-for-ipad-air-13-2024-wifi-cellular-genuine-oem-all-color
Apple - iPad,https://www.mobilesentrix.eu/display-assembly-compatible-for-ipad-air-13-2024-wifi-only-genuine-oem-all-color
Apple - iPad,https://www.mobilesentrix.eu/lcd-assembly-with-digitizer-compatible-for-ipad-air-13-2025-wifi-only-genuine-oem-all-color
Apple - iPad,https://www.mobilesentrix.eu/lcd-assembly-with-digitizer-compatible-for-ipad-air-13-2025-wifi-cellular-genuine-oem-all-color
Apple - iPad,https://www.mobilesentrix.eu/display-assembly-compatible-for-ipad-pro-11-5th-gen-2024-wifi-only-genuine-oem-all-color
Apple - iPad,https://www.mobilesentrix.eu/display-assembly-compatible-for-ipad-pro-11-5th-gen-2024-wifi-cellular-genuine-oem-all-color
Apple - iPad,https://www.mobilesentrix.eu/oled-assembly-with-digitizer-for-ipad-pro-11-8th-gen-2025-cellular-genuine-oem
Apple - iPad,tel:+31 -85 799 0608
Apple - iPad,https://www.mobilesentrix.eu/gapp/
Apple - iPad,https://www.mobilesentrix.eu/quality-standards
Apple - iPad,https://www.mobilesentrix.eu/return-policy
Apple - iPad,https://www.mobilesentrix.eu/trademark-disclaimer
Apple - iPad,https://www.mobilesentrix.eu/payment-methods
Apple - iPad,https://www.mobilesentrix.eu/terms-and-condition
Apple - iPad,https://www.mobilesentrix.eu/device-grading
Apple - iPad,https://www.mobilesentrix.eu/shipping
Apple - iPad,https://www.mobilesentrix.eu/marketing-materials
Apple - iPad,https://www.mobilesentrix.eu/api-consumer
Apple - iPad,https://www.mobilesentrix.eu/xo7-technology
Apple - iPad,https://www.mobilesentrix.eu/aq7-technology
Apple - iPad,https://www.mobilesentrix.eu/ampsentrix
Apple - iPad,https://www.mobilesentrix.eu/accessories/casper-tempered-glass
Apple - iPad,https://www.mobilesentrix.eu/display-base
Apple - iPad,https://www.mobilesentrix.eu/technician-screw-box-for-iphones
Apple - iPad,https://www.mobilesentrix.eu/tape-base
Apple - iPad,javascript:void(0)
Apple - iPad,https://api.whatsapp.com/send/?phone=%2B31857990608
Apple - iPad,https://www.mobilesentrix.eu/frequently-asked-questions
Apple - iPad,tel:++31 85 799 0608
Apple - iPad,https://maps.app.goo.gl/SdxpgWRbSc5aJyNHA
Apple - iPad,https://support.apple.com/nl-nl/genuine-parts-distributor
Apple - iPad,https://www.mobilesentrix.eu/payment-methods/
Apple - iPad,https://www.facebook.com/mobilesentrix/
Apple - iPad,https://www.instagram.com/mobilesentrix/
Apple - iPad,https://www.youtube.com/c/MobileSentrixOfficial
Apple - iPad,https://www.linkedin.com/company/mobilesentrix/
Apple - iPad,https://twitter.com/mobile_sentrix
Apple - iPhone,https://www.mobilesentrix.eu/privacy-policy
Apple - iPhone,https://www.mobilesentrix.eu/gapp/?utm_source=google&utm_medium=organic&utm_campaign=gmb
Apple - iPhone,javascript:;
Apple - iPhone,https://www.mobilesentrix.eu/lcd-buy-back
Apple - iPhone,https://www.mobilesentrix.eu/marketing-materials/
Apple - iPhone,https://www.mobilesentrix.eu/apollo
Apple - iPhone,https://www.mobilesentrix.eu/iphone11promax-screwbox
Apple - iPhone,https://www.mobilesentrix.eu/iphone11pro-screwbox
Apple - iPhone,https://www.mobilesentrix.eu/iphone11-screwbox
Apple - iPhone,https://www.mobilesentrix.eu/iphonexr-screwbox
Apple - iPhone,https://www.mobilesentrix.eu/iphonexsmax-screwbox
Apple - iPhone,https://www.mobilesentrix.eu/iphonexs-screwbox
Apple - iPhone,https://www.mobilesentrix.eu/iphonex-screwbox
Apple - iPhone,https://www.mobilesentrix.eu/iphone8plus-screwbox
Apple - iPhone,https://www.mobilesentrix.eu/iphone8-screwbox
Apple - iPhone,https://www.mobilesentrix.eu/iphone7plus-screwbox
Apple - iPhone,https://www.mobilesentrix.eu/iphone7-screwbox
Apple - iPhone,https://www.mobilesentrix.eu/iphone6splus-screwbox
Apple - iPhone,https://www.mobilesentrix.eu/iphone6s-screwbox
Apple - iPhone,https://www.mobilesentrix.eu/iphone6plus-screwbox
Apple - iPhone,https://www.mobilesentrix.eu/iphone6-screwbox
Apple - iPhone,https://www.mobilesentrix.eu/iphone5s-se-screwbox
Apple - iPhone,https://www.mobilesentrix.eu/iphone-13-pro-max
Apple - iPhone,https://www.mobilesentrix.eu/iphone-13-pro
Apple - iPhone,https://www.mobilesentrix.eu/iphone-13
Apple - iPhone,https://www.mobilesentrix.eu/iphone-13-mini
Apple - iPhone,https://www.mobilesentrix.eu/iphone-12-pro-max
Apple - iPhone,https://www.mobilesentrix.eu/board-components/bulk-purchase-10-pack
Apple - iPhone,https://www.mobilesentrix.eu/iphone-12-pro
Apple - iPhone,https://www.mobilesentrix.eu/iphone-12-mini
Apple - iPhone,https://www.mobilesentrix.eu/iPhone-11-pro
Apple - iPhone,https://www.mobilesentrix.eu/iPhone-11
Apple - iPhone,https://www.mobilesentrix.eu/iPhone-xs-max
Apple - iPhone,https://www.mobilesentrix.eu/iPhone-xs
Apple - iPhone,https://www.mobilesentrix.eu/iPhone-xr
Apple - iPhone,https://www.mobilesentrix.eu/iPhone-x
Apple - iPhone,https://www.mobilesentrix.eu/iphone-8-plus
Apple - iPhone,https://www.mobilesentrix.eu/iphone-8
Apple - iPhone,https://www.mobilesentrix.eu/iphone7plus
Apple - iPhone,https://www.mobilesentrix.eu/iphone-7
Apple - iPhone,https://www.mobilesentrix.eu/iphone-6s-plus
Apple - iPhone,https://www.mobilesentrix.eu/iphone-6s
Apple - iPhone,https://www.mobilesentrix.eu/iphone-6plus
Apple - iPhone,https://www.mobilesentrix.eu/iphone-6
Apple - iPhone,https://www.mobilesentrix.eu/board-components/macbook
Apple - iPhone,https://www.mobilesentrix.eu/board-components/mac-mini
Apple - iPhone,JavaScript:void(0);
Apple - iPhone,javascript:void(0);
Apple - iPhone,https://www.mobilesentrix.eu/dual-sim-card-tray-compatible-for-iphone-17-black
Apple - iPhone,https://www.mobilesentrix.eu/dual-sim-card-tray-compatible-for-iphone-17-sage
Apple - iPhone,https://www.mobilesentrix.eu/dual-sim-card-tray-compatible-for-iphone-17-lavender
Apple - iPhone,https://www.mobilesentrix.eu/dual-sim-card-tray-compatible-for-iphone-17-white
Apple - iPhone,https://www.mobilesentrix.eu/dual-sim-card-tray-compatible-for-iphone-17-mist-blue
Apple - iPhone,https://www.mobilesentrix.eu/dsm-lb-e-pa-ic-for-iphone-x
Apple - iPhone,https://www.mobilesentrix.eu/display-protective-cover-for-iphone-14
Apple - iPhone,https://www.mobilesentrix.eu/wireless-charging-reset-ic-compatible-for-iphone-11-pro-11-pro-max-ov
Apple - iPhone,https://www.mobilesentrix.eu/display-protective-cover-for-iphone-13
Apple - iPhone,https://www.mobilesentrix.eu/display-protective-cover-for-iphone-12-12-pro-13-pro
Apple - iPhone,https://www.mobilesentrix.eu/display-protective-cover-for-iphone-14-pro
Apple - iPhone,https://www.mobilesentrix.eu/wifi-signal-filter-compatible-for-iphone-12-series-13-series-ad1s
Apple - iPhone,https://www.mobilesentrix.eu/iphone-5-digitizer-flex-fpc-connector
Apple - iPhone,https://www.mobilesentrix.eu/charging-ic-for-iphone-5c-5s-ipad-air-mini-2-u2-u6000-u1300
Apple - iPhone,https://www.mobilesentrix.eu/fpc-connector-for-iphone-6-charging-port
Apple - iPhone,https://www.mobilesentrix.eu/fpc-connector-for-iphone-6-home-button-flex
Apple - iPhone,https://www.mobilesentrix.eu/iphone-5s-wifi-ic-sw-339s0205
Apple - iPhone,https://www.mobilesentrix.eu/fpc-connector-for-iphone-6-volume-button-flex
Apple - iPhone,https://www.mobilesentrix.eu/fpc-battery-connector-for-iphone-xr-j3200
Apple - iPhone,https://www.mobilesentrix.eu/iheater-pro-special-heating-planting-tin-module-for-iphone-x-16-pro-max-aixun
Apple - iPhone,https://www.mobilesentrix.eu/f210-true-tone-transfer-board-compatible-for-iphone-16-pro-16-pro-max-dl
Apple - iPhone,https://www.mobilesentrix.eu/lcd-cleaning-mould-for-iphone-xr-rubber
Apple - iPhone,https://www.mobilesentrix.eu/trumpet-fpc-connector-for-iphone-xr-jlat1-16-pin
Apple - iPhone,https://www.mobilesentrix.eu/id-face-flex-cable-for-iphone-xs-qianli
Apple - iPhone,https://www.mobilesentrix.eu/sim-card-reader-fpc-connector-for-iphone-xr-j-sim
Apple - iPhone,https://www.mobilesentrix.eu/loudspeaker-mic-mesh-compatible-for-iphone-16-pro-black-10-pack
Apple - iPhone,https://www.mobilesentrix.eu/motherboard-heat-shield-compatible-for-iphone-16-16-plus-2-piece-set-10-pack
Apple - iPhone,https://www.mobilesentrix.eu/id-face-flex-cable-for-iphone-xr-qianli
Apple - iPhone,https://www.mobilesentrix.eu/digitizer-fpc-connector-for-iphone-xr-j5800
Apple - iPhone,https://www.mobilesentrix.eu/motherboard-heat-shield-compatible-for-iphone-16-pro-3-piece-set-10-pack
Apple - iPhone,https://www.mobilesentrix.eu/iphone-5s-lcd-fpc-connector
Apple - iPhone,https://www.mobilesentrix.eu/power-button-fpc-connector-for-iphone-xr-j4300
Apple - iPhone,https://www.mobilesentrix.eu/fpc-connector-for-iphone-6-6-plus-battery-j2523-14-pins
Apple - iPhone,https://www.mobilesentrix.eu/dl100-board-for-iphone-xs
Apple - iPhone,https://www.mobilesentrix.eu/earpiece-speaker-with-wifi-flex-cable-compatible-for-iphone-16-pro-max-us-version
Apple - iPhone,https://www.mobilesentrix.eu/loudspeaker-mic-mesh-compatible-for-iphone-16-pro-gray-10-pack
Apple - iPhone,https://www.mobilesentrix.eu/tristar-u2-charging-ic-for-iphone-5c-5s-ipad-air-ipad-mini-2-3-1610a1-10-pack
Apple - iPhone,https://www.mobilesentrix.eu/earpiece-speaker-with-wifi-flex-compatible-for-iphone-16-plus-international-version
Apple - iPhone,https://www.mobilesentrix.eu/fpc-connector-for-iphone-6-power-button-flex
Apple - iPhone,https://www.mobilesentrix.eu/3m-glue-for-frame-for-iphone-xs-10-pack
Apple - iPhone,https://www.mobilesentrix.eu/battery-health-programming-board-for-iphone-8-16-pro-max-jcid-v1s-pro-v1se
Apple - iPhone,https://www.mobilesentrix.eu/receiver-range-inductor-environment-light-sensor-microphone-fpc-connector-for-iphone-xr-j4600
Apple - iPhone,https://www.mobilesentrix.eu/front-camera-fpc-connector-for-iphone-xr-j4200
Apple - iPhone,https://www.mobilesentrix.eu/motherboard-heat-shield-compatible-for-iphone-16-pro-max-3-piece-set-10-pack
Apple - iPhone,https://www.mobilesentrix.eu/fpc-connector-for-iphone-6-digitizer
Apple - iPhone,https://www.mobilesentrix.eu/acfm-w012-ap1-f-tri-rf-iphone-6-16-pins
Apple - iPhone,https://www.mobilesentrix.eu/battery-filters-c2400-56pf-01005-for-iphone-se
Apple - iPhone,https://www.mobilesentrix.eu/lcd-fpc-connector-for-iphone-xr-j5700
Apple - iPhone,tel:+31 -85 799 0608
Apple - iPhone,https://www.mobilesentrix.eu/gapp/
Apple - iPhone,https://www.mobilesentrix.eu/quality-standards
Apple - iPhone,https://www.mobilesentrix.eu/return-policy
Apple - iPhone,https://www.mobilesentrix.eu/trademark-disclaimer
Apple - iPhone,https://www.mobilesentrix.eu/payment-methods
Apple - iPhone,https://www.mobilesentrix.eu/terms-and-condition
Apple - iPhone,https://www.mobilesentrix.eu/device-grading
Apple - iPhone,https://www.mobilesentrix.eu/shipping
Apple - iPhone,https://www.mobilesentrix.eu/marketing-materials
Apple - iPhone,https://www.mobilesentrix.eu/api-consumer
Apple - iPhone,https://www.mobilesentrix.eu/xo7-technology
Apple - iPhone,https://www.mobilesentrix.eu/aq7-technology
Apple - iPhone,https://www.mobilesentrix.eu/ampsentrix
Apple - iPhone,https://www.mobilesentrix.eu/accessories/casper-tempered-glass
Apple - iPhone,https://www.mobilesentrix.eu/display-base
Apple - iPhone,https://www.mobilesentrix.eu/technician-screw-box-for-iphones
Apple - iPhone,https://www.mobilesentrix.eu/tape-base
Apple - iPhone,javascript:void(0)
Apple - iPhone,https://api.whatsapp.com/send/?phone=%2B31857990608
Apple - iPhone,https://www.mobilesentrix.eu/frequently-asked-questions
Apple - iPhone,tel:++31 85 799 0608
Apple - iPhone,https://maps.app.goo.gl/SdxpgWRbSc5aJyNHA
Apple - iPhone,https://support.apple.com/nl-nl/genuine-parts-distributor
Apple - iPhone,https://www.mobilesentrix.eu/payment-methods/
Apple - iPhone,https://www.facebook.com/mobilesentrix/
Apple - iPhone,https://www.instagram.com/mobilesentrix/
Apple - iPhone,https://www.youtube.com/c/MobileSentrixOfficial
Apple - iPhone,https://www.linkedin.com/company/mobilesentrix/
Apple - iPhone,https://twitter.com/mobile_sentrix
Huawei,https://www.mobilesentrix.eu/privacy-policy
Huawei,https://www.mobilesentrix.eu/gapp/?utm_source=google&utm_medium=organic&utm_campaign=gmb
Huawei,javascript:;
Huawei,https://www.mobilesentrix.eu/lcd-buy-back
Huawei,https://www.mobilesentrix.eu/marketing-materials/
Huawei,https://www.mobilesentrix.eu/apollo
Huawei,https://www.mobilesentrix.eu/iphone11promax-screwbox
Huawei,https://www.mobilesentrix.eu/iphone11pro-screwbox
Huawei,https://www.mobilesentrix.eu/iphone11-screwbox
Huawei,https://www.mobilesentrix.eu/iphonexr-screwbox
Huawei,https://www.mobilesentrix.eu/iphonexsmax-screwbox
Huawei,https://www.mobilesentrix.eu/iphonexs-screwbox
Huawei,https://www.mobilesentrix.eu/iphonex-screwbox
Huawei,https://www.mobilesentrix.eu/iphone8plus-screwbox
Huawei,https://www.mobilesentrix.eu/iphone8-screwbox
Huawei,https://www.mobilesentrix.eu/iphone7plus-screwbox
Huawei,https://www.mobilesentrix.eu/iphone7-screwbox
Huawei,https://www.mobilesentrix.eu/iphone6splus-screwbox
Huawei,https://www.mobilesentrix.eu/iphone6s-screwbox
Huawei,https://www.mobilesentrix.eu/iphone6plus-screwbox
Huawei,https://www.mobilesentrix.eu/iphone6-screwbox
Huawei,https://www.mobilesentrix.eu/iphone5s-se-screwbox
Huawei,https://www.mobilesentrix.eu/iphone-13-pro-max
Huawei,https://www.mobilesentrix.eu/iphone-13-pro
Huawei,https://www.mobilesentrix.eu/iphone-13
Huawei,https://www.mobilesentrix.eu/iphone-13-mini
Huawei,https://www.mobilesentrix.eu/iphone-12-pro-max
Huawei,https://www.mobilesentrix.eu/board-components/bulk-purchase-10-pack
Huawei,https://www.mobilesentrix.eu/iphone-12-pro
Huawei,https://www.mobilesentrix.eu/iphone-12-mini
Huawei,https://www.mobilesentrix.eu/iPhone-11-pro
Huawei,https://www.mobilesentrix.eu/iPhone-11
Huawei,https://www.mobilesentrix.eu/iPhone-xs-max
Huawei,https://www.mobilesentrix.eu/iPhone-xs
Huawei,https://www.mobilesentrix.eu/iPhone-xr
Huawei,https://www.mobilesentrix.eu/iPhone-x
Huawei,https://www.mobilesentrix.eu/iphone-8-plus
Huawei,https://www.mobilesentrix.eu/iphone-8
Huawei,https://www.mobilesentrix.eu/iphone7plus
Huawei,https://www.mobilesentrix.eu/iphone-7
Huawei,https://www.mobilesentrix.eu/iphone-6s-plus
Huawei,https://www.mobilesentrix.eu/iphone-6s
Huawei,https://www.mobilesentrix.eu/iphone-6plus
Huawei,https://www.mobilesentrix.eu/iphone-6
Huawei,https://www.mobilesentrix.eu/board-components/macbook
Huawei,https://www.mobilesentrix.eu/board-components/mac-mini
Huawei,JavaScript:void(0);
Huawei,javascript:void(0);
Huawei,https://www.mobilesentrix.eu/quality-standards
Huawei,https://www.mobilesentrix.eu/return-policy
Huawei,https://www.mobilesentrix.eu/trademark-disclaimer
Huawei,https://www.mobilesentrix.eu/payment-methods
Huawei,https://www.mobilesentrix.eu/terms-and-condition
Huawei,https://www.mobilesentrix.eu/device-grading
Huawei,https://www.mobilesentrix.eu/shipping
Huawei,https://www.mobilesentrix.eu/marketing-materials
Huawei,https://www.mobilesentrix.eu/api-consumer
Huawei,https://www.mobilesentrix.eu/xo7-technology
Huawei,https://www.mobilesentrix.eu/aq7-technology
Huawei,https://www.mobilesentrix.eu/ampsentrix
Huawei,https://www.mobilesentrix.eu/accessories/casper-tempered-glass
Huawei,https://www.mobilesentrix.eu/display-base
Huawei,https://www.mobilesentrix.eu/technician-screw-box-for-iphones
Huawei,https://www.mobilesentrix.eu/tape-base
Huawei,javascript:void(0)
Huawei,https://api.whatsapp.com/send/?phone=%2B31857990608
Huawei,https://www.mobilesentrix.eu/frequently-asked-questions
Huawei,tel:++31 85 799 0608
Huawei,https://maps.app.goo.gl/SdxpgWRbSc5aJyNHA
Huawei,https://support.apple.com/nl-nl/genuine-parts-distributor
Huawei,https://www.mobilesentrix.eu/payment-methods/
Huawei,https://www.facebook.com/mobilesentrix/
Huawei,https://www.instagram.com/mobilesentrix/
Huawei,https://www.youtube.com/c/MobileSentrixOfficial
Huawei,https://www.linkedin.com/company/mobilesentrix/
Huawei,https://twitter.com/mobile_sentrix
LG,https://www.mobilesentrix.eu/privacy-policy
LG,https://www.mobilesentrix.eu/gapp/?utm_source=google&utm_medium=organic&utm_campaign=gmb
LG,javascript:;
LG,https://www.mobilesentrix.eu/lcd-buy-back
LG,https://www.mobilesentrix.eu/marketing-materials/
LG,https://www.mobilesentrix.eu/apollo
LG,https://www.mobilesentrix.eu/iphone11promax-screwbox
LG,https://www.mobilesentrix.eu/iphone11pro-screwbox
LG,https://www.mobilesentrix.eu/iphone11-screwbox
LG,https://www.mobilesentrix.eu/iphonexr-screwbox
LG,https://www.mobilesentrix.eu/iphonexsmax-screwbox
LG,https://www.mobilesentrix.eu/iphonexs-screwbox
LG,https://www.mobilesentrix.eu/iphonex-screwbox
LG,https://www.mobilesentrix.eu/iphone8plus-screwbox
LG,https://www.mobilesentrix.eu/iphone8-screwbox
LG,https://www.mobilesentrix.eu/iphone7plus-screwbox
LG,https://www.mobilesentrix.eu/iphone7-screwbox
LG,https://www.mobilesentrix.eu/iphone6splus-screwbox
LG,https://www.mobilesentrix.eu/iphone6s-screwbox
LG,https://www.mobilesentrix.eu/iphone6plus-screwbox
LG,https://www.mobilesentrix.eu/iphone6-screwbox
LG,https://www.mobilesentrix.eu/iphone5s-se-screwbox
LG,https://www.mobilesentrix.eu/iphone-13-pro-max
LG,https://www.mobilesentrix.eu/iphone-13-pro
LG,https://www.mobilesentrix.eu/iphone-13
LG,https://www.mobilesentrix.eu/iphone-13-mini
LG,https://www.mobilesentrix.eu/iphone-12-pro-max
LG,https://www.mobilesentrix.eu/board-components/bulk-purchase-10-pack
LG,https://www.mobilesentrix.eu/iphone-12-pro
LG,https://www.mobilesentrix.eu/iphone-12-mini
LG,https://www.mobilesentrix.eu/iPhone-11-pro
LG,https://www.mobilesentrix.eu/iPhone-11
LG,https://www.mobilesentrix.eu/iPhone-xs-max
LG,https://www.mobilesentrix.eu/iPhone-xs
LG,https://www.mobilesentrix.eu/iPhone-xr
LG,https://www.mobilesentrix.eu/iPhone-x
LG,https://www.mobilesentrix.eu/iphone-8-plus
LG,https://www.mobilesentrix.eu/iphone-8
LG,https://www.mobilesentrix.eu/iphone7plus
LG,https://www.mobilesentrix.eu/iphone-7
LG,https://www.mobilesentrix.eu/iphone-6s-plus
LG,https://www.mobilesentrix.eu/iphone-6s
LG,https://www.mobilesentrix.eu/iphone-6plus
LG,https://www.mobilesentrix.eu/iphone-6
LG,https://www.mobilesentrix.eu/board-components/macbook
LG,https://www.mobilesentrix.eu/board-components/mac-mini
LG,JavaScript:void(0);
LG,javascript:void(0);
LG,https://www.mobilesentrix.eu/quality-standards
LG,https://www.mobilesentrix.eu/return-policy
LG,https://www.mobilesentrix.eu/trademark-disclaimer
LG,https://www.mobilesentrix.eu/payment-methods
LG,https://www.mobilesentrix.eu/terms-and-condition
LG,https://www.mobilesentrix.eu/device-grading
LG,https://www.mobilesentrix.eu/shipping
LG,https://www.mobilesentrix.eu/marketing-materials
LG,https://www.mobilesentrix.eu/api-consumer
LG,https://www.mobilesentrix.eu/xo7-technology
LG,https://www.mobilesentrix.eu/aq7-technology
LG,https://www.mobilesentrix.eu/ampsentrix
LG,https://www.mobilesentrix.eu/accessories/casper-tempered-glass
LG,https://www.mobilesentrix.eu/display-base
LG,https://www.mobilesentrix.eu/technician-screw-box-for-iphones
LG,https://www.mobilesentrix.eu/tape-base
LG,javascript:void(0)
LG,https://api.whatsapp.com/send/?phone=%2B31857990608
LG,https://www.mobilesentrix.eu/frequently-asked-questions
LG,tel:++31 85 799 0608
LG,https://maps.app.goo.gl/SdxpgWRbSc5aJyNHA
LG,https://support.apple.com/nl-nl/genuine-parts-distributor
LG,https://www.mobilesentrix.eu/payment-methods/
LG,https://www.facebook.com/mobilesentrix/
LG,https://www.instagram.com/mobilesentrix/
LG,https://www.youtube.com/c/MobileSentrixOfficial
LG,https://www.linkedin.com/company/mobilesentrix/
LG,https://twitter.com/mobile_sentrix
Motorola,https://www.mobilesentrix.eu/privacy-policy
Motorola,https://www.mobilesentrix.eu/gapp/?utm_source=google&utm_medium=organic&utm_campaign=gmb
Motorola,javascript:;
Motorola,https://www.mobilesentrix.eu/lcd-buy-back
Motorola,https://www.mobilesentrix.eu/marketing-materials/
Motorola,https://www.mobilesentrix.eu/apollo
Motorola,https://www.mobilesentrix.eu/iphone11promax-screwbox
Motorola,https://www.mobilesentrix.eu/iphone11pro-screwbox
Motorola,https://www.mobilesentrix.eu/iphone11-screwbox
Motorola,https://www.mobilesentrix.eu/iphonexr-screwbox
Motorola,https://www.mobilesentrix.eu/iphonexsmax-screwbox
Motorola,https://www.mobilesentrix.eu/iphonexs-screwbox
Motorola,https://www.mobilesentrix.eu/iphonex-screwbox
Motorola,https://www.mobilesentrix.eu/iphone8plus-screwbox
Motorola,https://www.mobilesentrix.eu/iphone8-screwbox
Motorola,https://www.mobilesentrix.eu/iphone7plus-screwbox
Motorola,https://www.mobilesentrix.eu/iphone7-screwbox
Motorola,https://www.mobilesentrix.eu/iphone6splus-screwbox
Motorola,https://www.mobilesentrix.eu/iphone6s-screwbox
Motorola,https://www.mobilesentrix.eu/iphone6plus-screwbox
Motorola,https://www.mobilesentrix.eu/iphone6-screwbox
Motorola,https://www.mobilesentrix.eu/iphone5s-se-screwbox
Motorola,https://www.mobilesentrix.eu/iphone-13-pro-max
Motorola,https://www.mobilesentrix.eu/iphone-13-pro
Motorola,https://www.mobilesentrix.eu/iphone-13
Motorola,https://www.mobilesentrix.eu/iphone-13-mini
Motorola,https://www.mobilesentrix.eu/iphone-12-pro-max
Motorola,https://www.mobilesentrix.eu/board-components/bulk-purchase-10-pack
Motorola,https://www.mobilesentrix.eu/iphone-12-pro
Motorola,https://www.mobilesentrix.eu/iphone-12-mini
Motorola,https://www.mobilesentrix.eu/iPhone-11-pro
Motorola,https://www.mobilesentrix.eu/iPhone-11
Motorola,https://www.mobilesentrix.eu/iPhone-xs-max
Motorola,https://www.mobilesentrix.eu/iPhone-xs
Motorola,https://www.mobilesentrix.eu/iPhone-xr
Motorola,https://www.mobilesentrix.eu/iPhone-x
Motorola,https://www.mobilesentrix.eu/iphone-8-plus
Motorola,https://www.mobilesentrix.eu/iphone-8
Motorola,https://www.mobilesentrix.eu/iphone7plus
Motorola,https://www.mobilesentrix.eu/iphone-7
Motorola,https://www.mobilesentrix.eu/iphone-6s-plus
Motorola,https://www.mobilesentrix.eu/iphone-6s
Motorola,https://www.mobilesentrix.eu/iphone-6plus
Motorola,https://www.mobilesentrix.eu/iphone-6
Motorola,https://www.mobilesentrix.eu/board-components/macbook
Motorola,https://www.mobilesentrix.eu/board-components/mac-mini
Motorola,JavaScript:void(0);
Motorola,javascript:void(0);
Motorola,https://www.mobilesentrix.eu/quality-standards
Motorola,https://www.mobilesentrix.eu/return-policy
Motorola,https://www.mobilesentrix.eu/trademark-disclaimer
Motorola,https://www.mobilesentrix.eu/payment-methods
Motorola,https://www.mobilesentrix.eu/terms-and-condition
Motorola,https://www.mobilesentrix.eu/device-grading
Motorola,https://www.mobilesentrix.eu/shipping
Motorola,https://www.mobilesentrix.eu/marketing-materials
Motorola,https://www.mobilesentrix.eu/api-consumer
Motorola,https://www.mobilesentrix.eu/xo7-technology
Motorola,https://www.mobilesentrix.eu/aq7-technology
Motorola,https://www.mobilesentrix.eu/ampsentrix
Motorola,https://www.mobilesentrix.eu/accessories/casper-tempered-glass
Motorola,https://www.mobilesentrix.eu/display-base
Motorola,https://www.mobilesentrix.eu/technician-screw-box-for-iphones
Motorola,https://www.mobilesentrix.eu/tape-base
Motorola,javascript:void(0)
Motorola,https://api.whatsapp.com/send/?phone=%2B31857990608
Motorola,https://www.mobilesentrix.eu/frequently-asked-questions
Motorola,tel:++31 85 799 0608
Motorola,https://maps.app.goo.gl/SdxpgWRbSc5aJyNHA
Motorola,https://support.apple.com/nl-nl/genuine-parts-distributor
Motorola,https://www.mobilesentrix.eu/payment-methods/
Motorola,https://www.facebook.com/mobilesentrix/
Motorola,https://www.instagram.com/mobilesentrix/
Motorola,https://www.youtube.com/c/MobileSentrixOfficial
Motorola,https://www.linkedin.com/company/mobilesentrix/
Motorola,https://twitter.com/mobile_sentrix
OnePlus,https://www.mobilesentrix.eu/privacy-policy
OnePlus,https://www.mobilesentrix.eu/gapp/?utm_source=google&utm_medium=organic&utm_campaign=gmb
OnePlus,javascript:;
OnePlus,https://www.mobilesentrix.eu/lcd-buy-back
OnePlus,https://www.mobilesentrix.eu/marketing-materials/
OnePlus,https://www.mobilesentrix.eu/apollo
OnePlus,https://www.mobilesentrix.eu/iphone11promax-screwbox
OnePlus,https://www.mobilesentrix.eu/iphone11pro-screwbox
OnePlus,https://www.mobilesentrix.eu/iphone11-screwbox
OnePlus,https://www.mobilesentrix.eu/iphonexr-screwbox
OnePlus,https://www.mobilesentrix.eu/iphonexsmax-screwbox
OnePlus,https://www.mobilesentrix.eu/iphonexs-screwbox
OnePlus,https://www.mobilesentrix.eu/iphonex-screwbox
OnePlus,https://www.mobilesentrix.eu/iphone8plus-screwbox
OnePlus,https://www.mobilesentrix.eu/iphone8-screwbox
OnePlus,https://www.mobilesentrix.eu/iphone7plus-screwbox
OnePlus,https://www.mobilesentrix.eu/iphone7-screwbox
OnePlus,https://www.mobilesentrix.eu/iphone6splus-screwbox
OnePlus,https://www.mobilesentrix.eu/iphone6s-screwbox
OnePlus,https://www.mobilesentrix.eu/iphone6plus-screwbox
OnePlus,https://www.mobilesentrix.eu/iphone6-screwbox
OnePlus,https://www.mobilesentrix.eu/iphone5s-se-screwbox
OnePlus,https://www.mobilesentrix.eu/iphone-13-pro-max
OnePlus,https://www.mobilesentrix.eu/iphone-13-pro
OnePlus,https://www.mobilesentrix.eu/iphone-13
OnePlus,https://www.mobilesentrix.eu/iphone-13-mini
OnePlus,https://www.mobilesentrix.eu/iphone-12-pro-max
OnePlus,https://www.mobilesentrix.eu/board-components/bulk-purchase-10-pack
OnePlus,https://www.mobilesentrix.eu/iphone-12-pro
OnePlus,https://www.mobilesentrix.eu/iphone-12-mini
OnePlus,https://www.mobilesentrix.eu/iPhone-11-pro
OnePlus,https://www.mobilesentrix.eu/iPhone-11
OnePlus,https://www.mobilesentrix.eu/iPhone-xs-max
OnePlus,https://www.mobilesentrix.eu/iPhone-xs
OnePlus,https://www.mobilesentrix.eu/iPhone-xr
OnePlus,https://www.mobilesentrix.eu/iPhone-x
OnePlus,https://www.mobilesentrix.eu/iphone-8-plus
OnePlus,https://www.mobilesentrix.eu/iphone-8
OnePlus,https://www.mobilesentrix.eu/iphone7plus
OnePlus,https://www.mobilesentrix.eu/iphone-7
OnePlus,https://www.mobilesentrix.eu/iphone-6s-plus
OnePlus,https://www.mobilesentrix.eu/iphone-6s
OnePlus,https://www.mobilesentrix.eu/iphone-6plus
OnePlus,https://www.mobilesentrix.eu/iphone-6
OnePlus,https://www.mobilesentrix.eu/board-components/macbook
OnePlus,https://www.mobilesentrix.eu/board-components/mac-mini
OnePlus,JavaScript:void(0);
OnePlus,javascript:void(0);
OnePlus,https://www.mobilesentrix.eu/oled-assembly-without-frame-for-oneplus-5-refurbished-black-aftermarket-plus
OnePlus,https://www.mobilesentrix.eu/oled-assembly-without-frame-for-oneplus-7-refurbished-all-colors-aftermarket-plus
OnePlus,https://www.mobilesentrix.eu/oled-assembly-without-frame-for-oneplus-6t-refurbished-midnight-black-aftermarket-plus
OnePlus,https://www.mobilesentrix.eu/oled-assembly-without-frame-for-oneplus-7t-aftermarket-plus-all-colors
OnePlus,https://www.mobilesentrix.eu/oled-assembly-without-frame-for-oneplus-3-oneplus-3t-refurbished-black-aftermarket-plus
OnePlus,https://www.mobilesentrix.eu/oled-assembly-without-frame-for-oneplus-6-a6000-a6003-aftermarket-plus-all-colors
OnePlus,https://www.mobilesentrix.eu/oled-assembly-without-frame-for-oneplus-5t-aftermarket-plus-black
OnePlus,https://www.mobilesentrix.eu/oled-assembly-with-frame-for-oneplus-5t-aftermarket-plus-black
OnePlus,https://www.mobilesentrix.eu/oled-assembly-without-frame-for-oneplus-9-aftermarket-plus-all-colors
OnePlus,https://www.mobilesentrix.eu/oled-assembly-with-frame-for-oneplus-6t-a6010-a6013-mirror-black-aftermarket-plus
OnePlus,https://www.mobilesentrix.eu/oled-assembly-without-frame-for-oneplus-nord-2-5g-nord-ce-5g-aftermarket-plus-all-colors
OnePlus,https://www.mobilesentrix.eu/oled-assembly-with-frame-for-oneplus-7t-aftermarket-plus-frosted-silver
OnePlus,https://www.mobilesentrix.eu/oled-assembly-with-frame-for-oneplus-7t-aftermarket-plus-glacier-blue
OnePlus,https://www.mobilesentrix.eu/oled-assembly-with-frame-for-oneplus-6t-a6010-a6013-midnight-black-aftermarket-plus
OnePlus,https://www.mobilesentrix.eu/oled-assembly-with-frame-for-oneplus-nord-2-5g-aftermarket-plus-blue-haze
OnePlus,https://www.mobilesentrix.eu/oled-assembly-with-frame-for-oneplus-9-north-american-version-aftermarket-plus-astral-black
OnePlus,https://www.mobilesentrix.eu/oled-assembly-with-frame-for-oneplus-nord-2-5g-aftermarket-plus-gray-sierra
OnePlus,https://www.mobilesentrix.eu/oled-assembly-with-frame-for-oneplus-9-international-version-aftermarket-plus-winter-mist
OnePlus,https://www.mobilesentrix.eu/oled-assembly-with-frame-for-oneplus-nord-aftermarket-plus-gray-onyx
OnePlus,https://www.mobilesentrix.eu/lcd-assembly-without-frame-for-oneplus-nord-n100-refurbished-all-colors
OnePlus,https://www.mobilesentrix.eu/lcd-assembly-without-frame-for-oneplus-nord-n300-5g-refurbished-all-colors
OnePlus,https://www.mobilesentrix.eu/lcd-assembly-without-frame-for-oneplus-nord-ce2-lite-5g-refurbished-all-colors
OnePlus,https://www.mobilesentrix.eu/lcd-assembly-without-frame-for-oneplus-nord-n10-refurbished-all-colors
OnePlus,https://www.mobilesentrix.eu/lcd-assembly-without-frame-for-oneplus-nord-n200-5g-refurbished-all-colors
OnePlus,https://www.mobilesentrix.eu/lcd-assembly-without-frame-for-oneplus-nord-n30-5g-refurbished-all-colors
OnePlus,https://www.mobilesentrix.eu/lcd-assembly-with-frame-for-oneplus-nord-n100-refurbished-black
OnePlus,https://www.mobilesentrix.eu/lcd-assembly-with-frame-for-oneplus-nord-n20-se-refurbished-all-colors
OnePlus,https://www.mobilesentrix.eu/lcd-assembly-without-frame-for-oneplus-5-a5000-white
OnePlus,https://www.mobilesentrix.eu/lcd-assembly-with-frame-for-oneplus-nord-n10-5g-refurbished-midnight-ice
OnePlus,https://www.mobilesentrix.eu/lcd-assembly-with-frame-for-oneplus-nord-n300-5g-refurbished-all-colors
OnePlus,https://www.mobilesentrix.eu/lcd-assembly-with-frame-for-oneplus-nord-n30-5g-refurbished-all-colors
OnePlus,https://www.mobilesentrix.eu/lcd-assembly-with-frame-for-oneplus-nord-ce2-lite-5g-refurbished-all-colors
OnePlus,https://www.mobilesentrix.eu/lcd-assembly-without-frame-for-oneplus-3t-white
OnePlus,https://www.mobilesentrix.eu/lcd-assembly-with-frame-for-oneplus-3-3t-white
OnePlus,https://www.mobilesentrix.eu/lcd-assembly-with-frame-for-oneplus-nord-n200-5g-refurbished-all-colors
OnePlus,https://www.mobilesentrix.eu/lcd-assembly-without-frame-for-oneplus-nord-n20-se-refurbished-all-colors
OnePlus,https://www.mobilesentrix.eu/lcd-assembly-without-frame-for-oneplus-2-a2001-black
OnePlus,https://www.mobilesentrix.eu/oled-assembly-with-frame-for-oneplus-ace-refurbished-all-colors
OnePlus,https://www.mobilesentrix.eu/lcd-assembly-with-frame-for-oneplus-3-3t-black
OnePlus,https://www.mobilesentrix.eu/lcd-assembly-without-frame-for-oneplus-5-a5000-black
OnePlus,https://www.mobilesentrix.eu/lcd-assembly-without-frame-for-oneplus-x-black
OnePlus,https://www.mobilesentrix.eu/lcd-assembly-with-frame-for-oneplus-5-a5000-white
OnePlus,https://www.mobilesentrix.eu/lcd-assembly-with-frame-for-oneplus-5-a5000-black
OnePlus,https://www.mobilesentrix.eu/lcd-assembly-without-frame-for-oneplus-x-white
OnePlus,https://www.mobilesentrix.eu/lcd-assembly-with-frame-for-oneplus-5t-a5010-black
OnePlus,https://www.mobilesentrix.eu/lcd-assembly-without-frame-for-oneplus-6
OnePlus,https://www.mobilesentrix.eu/lcd-assembly-for-oneplus-6t-black
OnePlus,https://www.mobilesentrix.eu/lcd-assembly-without-frame-for-oneplus-7
OnePlus,tel:+31 -85 799 0608
OnePlus,https://www.mobilesentrix.eu/gapp/
OnePlus,https://www.mobilesentrix.eu/quality-standards
OnePlus,https://www.mobilesentrix.eu/return-policy
OnePlus,https://www.mobilesentrix.eu/trademark-disclaimer
OnePlus,https://www.mobilesentrix.eu/payment-methods
OnePlus,https://www.mobilesentrix.eu/terms-and-condition
OnePlus,https://www.mobilesentrix.eu/device-grading
OnePlus,https://www.mobilesentrix.eu/shipping
OnePlus,https://www.mobilesentrix.eu/marketing-materials
OnePlus,https://www.mobilesentrix.eu/api-consumer
OnePlus,https://www.mobilesentrix.eu/xo7-technology
OnePlus,https://www.mobilesentrix.eu/aq7-technology
OnePlus,https://www.mobilesentrix.eu/ampsentrix
OnePlus,https://www.mobilesentrix.eu/accessories/casper-tempered-glass
OnePlus,https://www.mobilesentrix.eu/display-base
OnePlus,https://www.mobilesentrix.eu/technician-screw-box-for-iphones
OnePlus,https://www.mobilesentrix.eu/tape-base
OnePlus,javascript:void(0)
OnePlus,https://api.whatsapp.com/send/?phone=%2B31857990608
OnePlus,https://www.mobilesentrix.eu/frequently-asked-questions
OnePlus,tel:++31 85 799 0608
OnePlus,https://maps.app.goo.gl/SdxpgWRbSc5aJyNHA
OnePlus,https://support.apple.com/nl-nl/genuine-parts-distributor
OnePlus,https://www.mobilesentrix.eu/payment-methods/
OnePlus,https://www.facebook.com/mobilesentrix/
OnePlus,https://www.instagram.com/mobilesentrix/
OnePlus,https://www.youtube.com/c/MobileSentrixOfficial
OnePlus,https://www.linkedin.com/company/mobilesentrix/
OnePlus,https://twitter.com/mobile_sentrix
Xiaomi,https://www.mobilesentrix.eu/privacy-policy
Xiaomi,https://www.mobilesentrix.eu/gapp/?utm_source=google&utm_medium=organic&utm_campaign=gmb
Xiaomi,javascript:;
Xiaomi,https://www.mobilesentrix.eu/lcd-buy-back
Xiaomi,https://www.mobilesentrix.eu/marketing-materials/
Xiaomi,https://www.mobilesentrix.eu/apollo
Xiaomi,https://www.mobilesentrix.eu/iphone11promax-screwbox
Xiaomi,https://www.mobilesentrix.eu/iphone11pro-screwbox
Xiaomi,https://www.mobilesentrix.eu/iphone11-screwbox
Xiaomi,https://www.mobilesentrix.eu/iphonexr-screwbox
Xiaomi,https://www.mobilesentrix.eu/iphonexsmax-screwbox
Xiaomi,https://www.mobilesentrix.eu/iphonexs-screwbox
Xiaomi,https://www.mobilesentrix.eu/iphonex-screwbox
Xiaomi,https://www.mobilesentrix.eu/iphone8plus-screwbox
Xiaomi,https://www.mobilesentrix.eu/iphone8-screwbox
Xiaomi,https://www.mobilesentrix.eu/iphone7plus-screwbox
Xiaomi,https://www.mobilesentrix.eu/iphone7-screwbox
Xiaomi,https://www.mobilesentrix.eu/iphone6splus-screwbox
Xiaomi,https://www.mobilesentrix.eu/iphone6s-screwbox
Xiaomi,https://www.mobilesentrix.eu/iphone6plus-screwbox
Xiaomi,https://www.mobilesentrix.eu/iphone6-screwbox
Xiaomi,https://www.mobilesentrix.eu/iphone5s-se-screwbox
Xiaomi,https://www.mobilesentrix.eu/iphone-13-pro-max
Xiaomi,https://www.mobilesentrix.eu/iphone-13-pro
Xiaomi,https://www.mobilesentrix.eu/iphone-13
Xiaomi,https://www.mobilesentrix.eu/iphone-13-mini
Xiaomi,https://www.mobilesentrix.eu/iphone-12-pro-max
Xiaomi,https://www.mobilesentrix.eu/board-components/bulk-purchase-10-pack
Xiaomi,https://www.mobilesentrix.eu/iphone-12-pro
Xiaomi,https://www.mobilesentrix.eu/iphone-12-mini
Xiaomi,https://www.mobilesentrix.eu/iPhone-11-pro
Xiaomi,https://www.mobilesentrix.eu/iPhone-11
Xiaomi,https://www.mobilesentrix.eu/iPhone-xs-max
Xiaomi,https://www.mobilesentrix.eu/iPhone-xs
Xiaomi,https://www.mobilesentrix.eu/iPhone-xr
Xiaomi,https://www.mobilesentrix.eu/iPhone-x
Xiaomi,https://www.mobilesentrix.eu/iphone-8-plus
Xiaomi,https://www.mobilesentrix.eu/iphone-8
Xiaomi,https://www.mobilesentrix.eu/iphone7plus
Xiaomi,https://www.mobilesentrix.eu/iphone-7
Xiaomi,https://www.mobilesentrix.eu/iphone-6s-plus
Xiaomi,https://www.mobilesentrix.eu/iphone-6s
Xiaomi,https://www.mobilesentrix.eu/iphone-6plus
Xiaomi,https://www.mobilesentrix.eu/iphone-6
Xiaomi,https://www.mobilesentrix.eu/board-components/macbook
Xiaomi,https://www.mobilesentrix.eu/board-components/mac-mini
Xiaomi,JavaScript:void(0);
Xiaomi,javascript:void(0);
Xiaomi,https://www.mobilesentrix.eu/oled-assembly-without-frame-for-xiaomi-15t-pro-refurbished-all-colors
Xiaomi,https://www.mobilesentrix.eu/oled-assembly-without-frame-compatible-for-xiaomi-14t-14t-pro-redmi-k70-ultra-refurbished-all-colors
Xiaomi,https://www.mobilesentrix.eu/lcd-assembly-without-frame-for-xiaomi-11t-aftermarket-incell-all-colors
Xiaomi,https://www.mobilesentrix.eu/charging-ic-compatible-for-huawei-xiaomi-smb1396-002-02
Xiaomi,https://www.mobilesentrix.eu/lcd-assembly-without-frame-for-xiaomi-redmi-k50-aftermarket-incell-all-colors
Xiaomi,https://www.mobilesentrix.eu/lcd-assembly-without-frame-for-xiaomi-mi-9t-aftermarket-incell-all-colors
Xiaomi,https://www.mobilesentrix.eu/lcd-assembly-without-frame-for-xiaomi-poco-f2-pro-aftermarket-incell-all-colors
Xiaomi,https://www.mobilesentrix.eu/lcd-assembly-with-frame-compatible-for-xiaomi-redmi-note-14-4g-aftermarket-incell-all-colors
Xiaomi,https://www.mobilesentrix.eu/lcd-assembly-without-frame-for-xiaomi-mi-9-lite-cc9-aftermarket-incell-all-colors
Xiaomi,https://www.mobilesentrix.eu/lcd-assembly-with-frame-compatible-for-xiaomi-redmi-note-10-pro-redmi-note-10-pro-max-aftermarket-incell-all-colors
Xiaomi,https://www.mobilesentrix.eu/lcd-assembly-with-frame-for-xiaomi-redmi-note-11-aftermarket-incel-all-colors
Xiaomi,https://www.mobilesentrix.eu/lcd-assembly-with-frame-for-xiaomi-redmi-note-10-4g-aftermarket-incell-all-colors
Xiaomi,https://www.mobilesentrix.eu/lcd-assembly-with-frame-for-xiaomi-redmi-note-12-4g-aftermarket-incell-all-colors
Xiaomi,https://www.mobilesentrix.eu/lcd-assembly-with-frame-for-xiaomi-redmi-note-11s-4g-aftermarket-incel-all-colors
Xiaomi,https://www.mobilesentrix.eu/lcd-assembly-with-frame-for-xiaomi-redmi-note-12-pro-5g-redmi-note-12-pro-speed-xiaomi-poco-x5-pro-aftermarket-incell-all-colors
Xiaomi,https://www.mobilesentrix.eu/lcd-assembly-with-frame-for-xiaomi-redmi-note-12-5g-poco-x5-aftermarket-incell-all-colors
Xiaomi,https://www.mobilesentrix.eu/lcd-assembly-with-frame-compatible-for-xiaomi-redmi-note-11-pro-note-11-pro-5g-xiaomi-poco-x4-pro-5g-redmi-note-11e-pro-aftermarket-incell-all-colors
Xiaomi,https://www.mobilesentrix.eu/lcd-assembly-with-frame-compatible-for-xiaomi-redmi-note-14-5g-aftermarket-incell-midnight-black
Xiaomi,https://www.mobilesentrix.eu/lcd-assembly-with-frame-for-xiaomi-mi-9-pro-aftermarket-incell-titanium-black
Xiaomi,https://www.mobilesentrix.eu/lcd-assembly-with-frame-for-xiaomi-mi-10-lite-5g-aftermarket-incell-aurora-blue
Xiaomi,https://www.mobilesentrix.eu/lcd-assembly-with-frame-for-xiaomi-mi-9-pro-aftermarket-incell-dream-white
Xiaomi,https://www.mobilesentrix.eu/lcd-assembly-with-frame-for-xiaomi-poco-f3-redmi-k40-aftermarket-incell-arctic-white
Xiaomi,https://www.mobilesentrix.eu/lcd-assembly-without-frame-for-xiaomi-redmi-k50-gaming-aftermarket-incell-all-colors
Xiaomi,https://www.mobilesentrix.eu/lcd-assembly-with-frame-for-xiaomi-poco-f3-redmi-k40-aftermarket-incell-deep-ocean-blue
Xiaomi,https://www.mobilesentrix.eu/lcd-assembly-with-frame-compatible-for-xiaomi-redmi-note-13-pro-4g-xiaomi-poco-m6-pro-4g-xiaomi-redmi-note-14s-aftermarket-incell-midnight-black
Xiaomi,https://www.mobilesentrix.eu/lcd-assembly-with-frame-compatible-for-xiaomi-redmi-note-13-pro-5g-aftermarket-incell-midnight-black
Xiaomi,https://www.mobilesentrix.eu/lcd-assembly-with-frame-for-xiaomi-poco-f3-redmi-k40-aftermarket-incell-night-black
Xiaomi,https://www.mobilesentrix.eu/lcd-assembly-with-frame-for-xiaomi-mi-9-lite-cc9-aftermarket-incell-aurora-blue
Xiaomi,https://www.mobilesentrix.eu/lcd-assembly-with-frame-for-xiaomi-poco-f2-pro-aftermarket-incell-electric-purple
Xiaomi,https://www.mobilesentrix.eu/lcd-assembly-with-frame-for-xiaomi-poco-f2-pro-aftermarket-incell-cyber-gray
Xiaomi,https://www.mobilesentrix.eu/lcd-assembly-with-frame-for-xiaomi-poco-f2-pro-aftermarket-incell-phantom-white
Xiaomi,https://www.mobilesentrix.eu/lcd-assembly-with-frame-for-xiaomi-mi-9t-9t-pro-k20-k20-pro-aftermarket-incell-carbon-black
Xiaomi,https://www.mobilesentrix.eu/lcd-assembly-with-frame-for-xiaomi-mi-9-lite-cc9-aftermarket-incell-pearl-white
Xiaomi,https://www.mobilesentrix.eu/lcd-assembly-with-frame-for-xiaomi-mi-9t-9t-pro-k20-k20-pro-aftermarket-incell-glacier-blue
Xiaomi,https://www.mobilesentrix.eu/lcd-assembly-with-frame-for-xiaomi-mi-10-lite-5g-aftermarket-incell-cosmic-gray
Xiaomi,https://www.mobilesentrix.eu/lcd-assembly-with-frame-for-xiaomi-11t-aftermarket-incell-moonlight-white
Xiaomi,https://www.mobilesentrix.eu/lcd-assembly-with-frame-for-xiaomi-11t-aftermarket-incell-meteorite-gray
Xiaomi,https://www.mobilesentrix.eu/lcd-assembly-with-frame-for-xiaomi-11t-pro-aftermarket-incell-moonlight-white
Xiaomi,https://www.mobilesentrix.eu/lcd-assembly-with-frame-for-xiaomi-mi-9-lite-aftermarket-incell-onyx-grey
Xiaomi,https://www.mobilesentrix.eu/lcd-assembly-with-frame-for-xiaomi-11t-pro-aftermarket-incell-meteorite-gray
Xiaomi,https://www.mobilesentrix.eu/oled-assembly-with-frame-for-xiaomi-redmi-note-13-4g-aftermarket-incell-ocean-sunset
Xiaomi,https://www.mobilesentrix.eu/oled-assembly-with-frame-for-xiaomi-redmi-note-13-4g-aftermarket-incell-midnight-black
Xiaomi,https://www.mobilesentrix.eu/lcd-assembly-with-frame-for-xiaomi-redmi-note-13-4g-aftermarket-incell-ice-blue
Xiaomi,https://www.mobilesentrix.eu/lcd-assembly-with-frame-for-xiaomi-redmi-note-13-4g-aftermarket-incell-mint-green
Xiaomi,https://www.mobilesentrix.eu/lcd-assembly-with-frame-for-xiaomi-poco-f2-pro-aftermarket-incell-neon-blue
Xiaomi,https://www.mobilesentrix.eu/lcd-assembly-with-frame-for-xiaomi-mi-10-lite-5g-aftermarket-incell-dream-white
Xiaomi,https://www.mobilesentrix.eu/lcd-assembly-without-frame-for-xiaomi-redmi-10c-xiaomi-poco-c40-aftermarket-plus-all-colors
Xiaomi,https://www.mobilesentrix.eu/lcd-assembly-without-frame-for-xiaomi-redmi-12c-redmi-11a-poco-c55-aftermarket-plus-all-colors
Xiaomi,tel:+31 -85 799 0608
Xiaomi,https://www.mobilesentrix.eu/gapp/
Xiaomi,https://www.mobilesentrix.eu/quality-standards
Xiaomi,https://www.mobilesentrix.eu/return-policy
Xiaomi,https://www.mobilesentrix.eu/trademark-disclaimer
Xiaomi,https://www.mobilesentrix.eu/payment-methods
Xiaomi,https://www.mobilesentrix.eu/terms-and-condition
Xiaomi,https://www.mobilesentrix.eu/device-grading
Xiaomi,https://www.mobilesentrix.eu/shipping
Xiaomi,https://www.mobilesentrix.eu/marketing-materials
Xiaomi,https://www.mobilesentrix.eu/api-consumer
Xiaomi,https://www.mobilesentrix.eu/xo7-technology
Xiaomi,https://www.mobilesentrix.eu/aq7-technology
Xiaomi,https://www.mobilesentrix.eu/ampsentrix
Xiaomi,https://www.mobilesentrix.eu/accessories/casper-tempered-glass
Xiaomi,https://www.mobilesentrix.eu/display-base
Xiaomi,https://www.mobilesentrix.eu/technician-screw-box-for-iphones
Xiaomi,https://www.mobilesentrix.eu/tape-base
Xiaomi,javascript:void(0)
Xiaomi,https://api.whatsapp.com/send/?phone=%2B31857990608
Xiaomi,https://www.mobilesentrix.eu/frequently-asked-questions
Xiaomi,tel:++31 85 799 0608
Xiaomi,https://maps.app.goo.gl/SdxpgWRbSc5aJyNHA
Xiaomi,https://support.apple.com/nl-nl/genuine-parts-distributor
Xiaomi,https://www.mobilesentrix.eu/payment-methods/
Xiaomi,https://www.facebook.com/mobilesentrix/
Xiaomi,https://www.instagram.com/mobilesentrix/
Xiaomi,https://www.youtube.com/c/MobileSentrixOfficial
Xiaomi,https://www.linkedin.com/company/mobilesentrix/
Xiaomi,https://twitter.com/mobile_sentrix
